species,strain,bp,mb,fragments,coverage
Ehrlichia_ruminantium,Ehrlichia_ruminantium_GCF_022833055.1_ASM2283305v1_genomic,1484125,1.484125,19788,1.999966310115388
Methanobrevibacter_smithii,Methanobrevibacter_smithii_GCA_982342725.1_ERR3261744_bin_2_genomic,1884591,1.884591,25127,1.9999299582774193
Campylobacter_curvus,Campylobacter_curvus_GCF_013372125.1_ASM1337212v1_genomic,1974918,1.974918,26332,1.9999817713950656
Campylobacter_curvus,Campylobacter_curvus_GCF_020736225.1_ASM2073622v1_genomic,1974909,1.974909,26332,1.9999908856559974
Candidatus_Nitrosotenuis_uzonensis,Candidatus_Nitrosotenuis_uzonensis_GCF_905220655.1_NU5A1_genomic,1814860,1.81486,24198,1.9999889798662156
Methanobrevibacter_smithii,Methanobrevibacter_smithii_GCA_982341245.1_ERR3261722_bin_19761_genomic,1285920,1.28592,17145,1.9999300111982083
Riemerella_anatipestifer,Riemerella_anatipestifer_GCF_051132245.1_RCAD0997_genomic,2219137,2.219137,29588,1.9999666537036696
Riemerella_anatipestifer,Riemerella_anatipestifer_GCF_052049705.1_ASM5204970v1_genomic,2284590,2.28459,30461,1.9999868685409636
Listeria_innocua,Listeria_innocua_GCF_040235195.1_ASM4023519v1_genomic,2910585,2.910585,38807,1.999958771174867
Clostridium_perfringens,Clostridium_perfringens_GCF_052972865.1_ASM5297286v1_genomic,3281136,3.281136,43748,1.9999780563804732
Listeria_innocua,Listeria_innocua_GCF_041720895.1_ASM4172089v1_genomic,3341013,3.341013,44546,1.9999622868872404
Ehrlichia_ruminantium,Ehrlichia_ruminantium_GCF_022814825.1_ASM2281482v1_genomic,1516356,1.516356,20218,1.999992086291082
Clostridium_perfringens,Clostridium_perfringens_GCF_055390345.1_ASM5539034v1_genomic,3706123,3.706123,49414,1.9999606057327293
Methylibium_petroleiphilum,Methylibium_petroleiphilum_GCF_965284425.1_NI281-mx-bin05_genomic,4221047,4.221047,56280,1.9999777306436057
Chromobacterium_violaceum,Chromobacterium_violaceum_GCF_051130035.1_ASM5113003v1_genomic,4837851,4.837851,64504,1.9999789162584791
Xenorhabdus_nematophila,Xenorhabdus_nematophila_GCF_965137205.1_CIP109146T_genomic,4336949,4.336949,57825,1.999965874627532
Methylibium_petroleiphilum,Methylibium_petroleiphilum_GCF_053579615.1_ASM5357961v1_genomic,4067523,4.067523,54233,1.9999763984124983
Chromobacterium_violaceum,Chromobacterium_violaceum_GCF_056171775.1_ASM5617177v1_genomic,4670887,4.670887,62278,1.9999841571847061
Xenorhabdus_nematophila,Xenorhabdus_nematophila_GCF_963863785.1_ena-yuan-GCF_000785665.1_genomic,4386383,4.386383,58485,1.999996352347709
Mycoplasma_hyopneumoniae,Mycoplasma_hyopneumoniae_GCF_051048255.1_ASM5104825v1_genomic,902784,0.902784,12037,1.9999800616758825
Bacillus_weihenstephanensis,Bacillus_weihenstephanensis_GCF_050209365.1_ASM5020936v1_genomic,5968817,5.968817,79584,1.9999943037288628
Klebsiella_oxytoca,Klebsiella_oxytoca_GCF_050916275.1_ASM5091627v1_genomic,5817807,5.817807,77570,1.9999804049876526
Bacillus_weihenstephanensis,Bacillus_weihenstephanensis_GCF_050210445.1_ASM5021044v1_genomic,5911531,5.911531,78820,1.9999895120231967
Pseudomonas_cichorii,Pseudomonas_cichorii_GCF_044499985.1_ASM4449998v1_genomic,5986012,5.986012,79813,1.999987637846366
Pseudomonas_cichorii,Pseudomonas_cichorii_GCF_055392515.1_ASM5539251v1_genomic,5918927,5.918927,78919,1.999999324201836
Klebsiella_oxytoca,Klebsiella_oxytoca_GCF_051549625.1_ASM5154962v1_genomic,6571399,6.571399,87618,1.9999850868894127
Streptomyces_griseus,Streptomyces_griseus_GCF_045162805.1_ASM4516280v1_genomic,8537117,8.537117,113828,1.9999960173908826
Myxococcus_xanthus,Myxococcus_xanthus_GCF_025739275.1_ASM2573927v1_genomic,9253193,9.253193,123375,1.99998530237076
Mycoplasma_hyopneumoniae,Mycoplasma_hyopneumoniae_GCF_051048245.1_ASM5104824v1_genomic,921013,0.921013,12280,1.9999717702138842
Myxococcus_xanthus,Myxococcus_xanthus_GCF_052779095.1_ASM5277909v1_genomic,9346278,9.346278,124617,1.9999993580332192
Streptomyces_griseus,Streptomyces_griseus_GCF_045209855.1_ASM4520985v1_genomic,8315838,8.315838,110877,1.9999848481896834
Acetobacter_pasteurianus,Acetobacter_pasteurianus_GCF_040208455.1_GHA7.1_genomic,2927634,2.927634,39035,1.9999938516904776
Acetobacter_pasteurianus,Acetobacter_pasteurianus_GCF_053762625.2_ASM5376262v2_genomic,3456862,3.456862,46091,1.9999785933022494
Mycobacterium_abscessus,Mycobacterium_abscessus_GCF_051057325.1_ASM5105732v1_genomic,4936947,4.936947,65825,1.9999708321762417
Mycobacterium_abscessus,Mycobacterium_abscessus_GCF_054926105.1_ASM5492610v1_genomic,4989215,4.989215,66522,1.9999739437967696
Methanosarcina_mazei,Methanosarcina_mazei_GCF_049677325.1_ASM4967732v1_genomic,4221101,4.221101,56281,1.9999876809391672
Methanosarcina_mazei,Methanosarcina_mazei_GCF_048285915.1_ASM4828591v1_genomic,4076904,4.076904,54358,1.9999735093100057
Bacillus_subtilis,Bacillus_subtilis_GCF_055378645.1_ASM5537864v1_genomic,4184065,4.184065,55787,1.9999808798381478
Bacillus_subtilis,Bacillus_subtilis_GCF_055378935.1_ASM5537893v1_genomic,4191244,4.191244,55883,1.9999909334794157
Erysipelothrix_rhusiopathiae,Erysipelothrix_rhusiopathiae_GCF_049345125.1_E.rhusio147_24S01949_genomic,1918116,1.918116,25574,1.9999311824728014
Erysipelothrix_rhusiopathiae,Erysipelothrix_rhusiopathiae_GCF_051549605.1_ASM5154960v1_genomic,1780802,1.780802,23744,1.9999977538210312
Pseudomonas_monteilii,Pseudomonas_monteilii_GCF_050989785.1_ASM5098978v1_genomic,5724993,5.724993,76333,1.9999937117827045
Pseudomonas_monteilii,Pseudomonas_monteilii_GCF_037099735.1_ASM3709973v1_genomic,6130057,6.130057,81734,1.9999977161713178
Clostridium_kluyveri,Clostridium_kluyveri_GCF_001902295.1_ASM190229v1_genomic,4512934,4.512934,60172,1.9999849321971028
Leishmania_donovani,Leishmania_donovani_GCA_963920605.1_Parent1_genomic,31196456,31.196456,415952,1.9999964098486058
Leishmania_donovani,Leishmania_donovani_GCF_000227135.1_ASM22713v2_genomic,32444968,32.444968,432599,1.9999973493578418
Clostridium_kluyveri,Clostridium_kluyveri_GCF_000016505.1_ASM1650v1_genomic,4023800,4.0238,53650,1.9999751478701724
Sorangium_cellulosum,Sorangium_cellulosum_GCF_050994875.1_ASM5099487v1_genomic,12860542,12.860542,171473,1.9999895805324535
Trichomonas_vaginalis,Trichomonas_vaginalis_GCA_054049055.1_TV-THS1.1_genomic,185424976,185.424976,2472333,1.9999999892139666
Trichomonas_vaginalis,Trichomonas_vaginalis_GCF_026262505.1_NYU_TvagG3_2_genomic,181466644,181.466644,2419555,1.9999997905951246
Sorangium_cellulosum,Sorangium_cellulosum_GCF_004135755.1_ASM413575v1_genomic,14598830,14.59883,194651,1.9999993150136004
Mesorhizobium_ciceri,Mesorhizobium_ciceri_GCF_048822095.1_ASM4882209v1_genomic,6242345,6.242345,83231,1.9999935921516674
Mesorhizobium_ciceri,Mesorhizobium_ciceri_GCF_044005695.1_ASM4400569v1_genomic,6851558,6.851558,91354,1.9999976647647149
Capnocytophaga_canimorsus,Capnocytophaga_canimorsus_GCF_045111175.1_ASM4511117v1_genomic,2438438,2.438438,32512,1.9999688325067113
Plasmodium_vivax,Plasmodium_vivax_GCF_000002415.2_ASM241v2_genomic,27013691,27.013691,360182,1.9999969645021851
Capnocytophaga_canimorsus,Capnocytophaga_canimorsus_GCF_044986275.1_ASM4498627v1_genomic,2718701,2.718701,36249,1.9999808732184967
Plasmodium_vivax,Plasmodium_vivax_GCA_040114635.1_PvMHC087_genomic,29195075,29.195075,389267,1.9999965747647506
Mycobacterium_kansasii,Mycobacterium_kansasii_GCF_050646645.1_HU_Kansasii_2024_1_genomic,6432395,6.432395,85765,1.9999937814764175
Mycobacterium_kansasii,Mycobacterium_kansasii_GCF_055794405.1_ASM5579440v1_genomic,6510324,6.510324,86804,1.999992627095057
Cellulophaga_lytica,Cellulophaga_lytica_GCF_049820655.1_ASM4982065v1_genomic,3834376,3.834376,51125,1.999999478402744
Cellulophaga_lytica,Cellulophaga_lytica_GCF_055808795.1_ASM5580879v1_genomic,3849314,3.849314,51324,1.9999927259766286
Bacillus_anthracis,Bacillus_anthracis_GCF_053895455.1_ASM5389545v1_genomic,5216568,5.216568,69554,1.9999930989110082
Bacillus_anthracis,Bacillus_anthracis_GCF_055393905.1_ASM5539390v1_genomic,5228299,5.228299,69710,1.9999812558539594
Haemophilus_parasuis,Haemophilus_parasuis_GCF_048551495.1_ASM4855149v2_genomic,2318230,2.31823,30909,1.9999525500058235
Haemophilus_parasuis,Haemophilus_parasuis_GCF_048551515.1_ASM4855151v2_genomic,2441866,2.441866,32558,1.9999868952677993
Aeropyrum_pernix,Aeropyrum_pernix_GCF_000011125.1_ASM1112v1_genomic,1669696,1.669696,22262,1.9999449001494882
Brucella_suis,Brucella_suis_GCF_050496365.1_ASM5049636v1_genomic,3315175,3.315175,44202,1.999984917839933
Brucella_suis,Brucella_suis_GCF_038420185.1_ASM3842018v1_genomic,3315359,3.315359,44204,1.9999644080776773
Flavobacterium_columnare,Flavobacterium_columnare_GCF_052422525.1_ASM5242252v1_genomic,3331151,3.331151,44415,1.999984389779989
Flavobacterium_columnare,Flavobacterium_columnare_GCF_052422715.1_ASM5242271v1_genomic,3395032,3.395032,45267,1.999995876327528
Pseudomonas_stutzeri,Pseudomonas_stutzeri_GCF_051307005.1_ASM5130700v1_genomic,4538010,4.53801,60506,1.9999735566911487
Pseudomonas_stutzeri,Pseudomonas_stutzeri_GCF_051028275.1_ASM5102827v1_genomic,4292477,4.292477,57233,1.9999990681371151
Brucella_pinnipedialis,Brucella_pinnipedialis_GCF_015624465.1_ASM1562446v1_genomic,3312423,3.312423,44165,1.9999710181942343
Brucella_pinnipedialis,Brucella_pinnipedialis_GCF_000221005.1_ASM22100v1_genomic,3399268,3.399268,45323,1.9999747004355055
Rhodococcus_erythropolis,Rhodococcus_erythropolis_GCF_054130455.1_ASM5413045v1_genomic,6366202,6.366202,84882,1.9999836637291748
Rhodococcus_erythropolis,Rhodococcus_erythropolis_GCF_051615655.1_ASM5161565v1_genomic,6293424,6.293424,83912,1.9999923729912366
Clostridium_saccharobutylicum,Clostridium_saccharobutylicum_GCF_014231195.1_ASM1423119v1_genomic,4994401,4.994401,66592,1.9999995995515778
Clostridium_saccharobutylicum,Clostridium_saccharobutylicum_GCF_014231185.1_ASM1423118v1_genomic,4990675,4.990675,66542,1.9999899813151527
Psychrobacter_cryohalolentis,Psychrobacter_cryohalolentis_GCF_904845985.1_ASM90484598v1_genomic,3036174,3.036174,40482,1.9999841906293907
Psychrobacter_cryohalolentis,Psychrobacter_cryohalolentis_GCF_977564885.1_MarMAG_017998_genomic,3121716,3.121716,41622,1.999957715564132
Raoultella_ornithinolytica,Raoultella_ornithinolytica_GCF_051306995.1_ASM5130699v1_genomic,6450894,6.450894,86011,1.9999786076162467
Raoultella_ornithinolytica,Raoultella_ornithinolytica_GCF_051124745.1_ASM5112474v1_genomic,6395314,6.395314,85270,1.9999799853455202
Coxiella_burnetii,Coxiella_burnetii_GCF_977964105.1_15QC1194_genomic,2047941,2.047941,27305,1.9999355450181426
Coxiella_burnetii,Coxiella_burnetii_GCF_977964135.1_22QC1335_genomic,2031162,2.031162,27082,1.9999881841034837
Mycobacterium_tuberculosis,Mycobacterium_tuberculosis_GCF_982191705.1_A2018772_genomic,4410965,4.410965,58812,1.9999705279910405
Mycobacterium_tuberculosis,Mycobacterium_tuberculosis_GCF_982191695.1_H37Rv_CN_genomic,4415456,4.415456,58872,1.9999746345564309
Halococcus_morrhuae,Halococcus_morrhuae_GCF_052043925.1_ASM5204392v1_genomic,3048131,3.048131,40641,1.999963256172389
Bdellovibrio_bacteriovorus,Bdellovibrio_bacteriovorus_GCF_041900585.1_ASM4190058v1_genomic,4085572,4.085572,54474,1.9999892303941773
Bdellovibrio_bacteriovorus,Bdellovibrio_bacteriovorus_GCF_041888755.1_ASM4188875v1_genomic,3737084,3.737084,49827,1.9999684245791638
Streptomyces_hygroscopicus,Streptomyces_hygroscopicus_GCF_037126205.1_ASM3712620v1_genomic,9682870,9.68287,129104,1.9999855414768555
Streptomyces_hygroscopicus,Streptomyces_hygroscopicus_GCF_055569865.1_ASM5556986v1_genomic,10270222,10.270222,136936,1.9999957157693378
Brucella_melitensis,Brucella_melitensis_GCF_055388685.1_ASM5538868v1_genomic,3294916,3.294916,43932,1.9999902880680418
Brucella_melitensis,Brucella_melitensis_GCF_055389475.1_ASM5538947v1_genomic,3288832,3.288832,43851,1.9999957431696116
Burkholderia_vietnamiensis,Burkholderia_vietnamiensis_GCF_056055715.1_ASM5605571v1_genomic,6945072,6.945072,92600,1.9999792658737015
Burkholderia_vietnamiensis,Burkholderia_vietnamiensis_GCF_056313865.1_ASM5631386v1_genomic,6618244,6.618244,88243,1.999994258295705
Morganella_morganii,Morganella_morganii_GCF_050908095.1_ASM5090809v1_genomic,4155665,4.155665,55408,1.9999687174014267
Morganella_morganii,Morganella_morganii_GCF_051046895.1_ASM5104689v1_genomic,3964674,3.964674,52862,1.9999878930777157
Streptococcus_uberis,Streptococcus_uberis_GCF_054785815.1_ASM5478581v1_genomic,2073926,2.073926,27652,1.9999749267813798
Micromonas_commoda,Micromonas_commoda_GCA_977930595.1_ERR599146_metabat2_28_concoct_121_genomic,15620060,15.62006,208267,1.9999955185831553
Streptococcus_uberis,Streptococcus_uberis_GCF_054785875.1_ASM5478587v1_genomic,2047074,2.047074,27294,1.9999765518979773
Clostridium_beijerinckii,Clostridium_beijerinckii_GCF_036699995.1_BR_422_genomic,5552291,5.552291,74030,1.9999852313216293
Clostridium_beijerinckii,Clostridium_beijerinckii_GCF_029715615.1_ASM2971561v1_genomic,5652128,5.652128,75361,1.999981246001506
Micromonas_commoda,Micromonas_commoda_GCA_977109175.1_ucMicComm1.1_genomic,21428823,21.428823,285717,1.9999955200525945
Bacillus_paralicheniformis,Bacillus_paralicheniformis_GCF_979930925.1_SRL656_genomic,4297526,4.297526,57300,1.9999879000150318
Bacillus_paralicheniformis,Bacillus_paralicheniformis_GCF_052141695.1_ASM5214169v1_genomic,4617019,4.617019,61560,1.999991769581195
Natrialba_magadii,Natrialba_magadii_GCF_000337875.1_ASM33787v1_genomic,4416299,4.416299,58883,1.9999664877763033
Burkholderia_multivorans,Burkholderia_multivorans_GCF_055234015.1_ASM5523401v1_genomic,6283722,6.283722,83782,1.9999770836456483
Burkholderia_multivorans,Burkholderia_multivorans_GCF_055229115.1_ASM5522911v1_genomic,6407186,6.407186,85429,1.9999965663553392
Granulibacter_bethesdensis,Granulibacter_bethesdensis_GCF_000576185.2_ASM57618v2_genomic,2742670,2.74267,36568,1.9999489548505653
Granulibacter_bethesdensis,Granulibacter_bethesdensis_GCF_000014285.2_ASM1428v2_genomic,2708434,2.708434,36112,1.9999748932408912
Borrelia_turicatae,Borrelia_turicatae_GCF_023035415.1_ASM2303541v1_genomic,1612777,1.612777,21503,1.9999355149534002
Borrelia_turicatae,Borrelia_turicatae_GCF_023035855.1_ASM2303585v1_genomic,1564967,1.564967,20866,1.9999782743022696
Picrophilus_oshimae,Picrophilus_oshimae_GCF_000008265.1_ASM826v1_genomic,1545895,1.545895,20611,1.999909437574997
Thermoplasma_acidophilum,Thermoplasma_acidophilum_GCF_000195915.1_ASM19591v1_genomic,1564906,1.564906,20865,1.9999603810069104
Agrobacterium_vitis,Agrobacterium_vitis_GCF_050500125.1_ASM5050012v1_genomic,5827573,5.827573,77700,1.9999749466887846
Agrobacterium_vitis,Agrobacterium_vitis_GCF_050500115.1_ASM5050011v1_genomic,5556320,5.55632,74084,1.9999928009905836
Acidithiobacillus_ferrooxidans,Acidithiobacillus_ferrooxidans_GCA_054642295.1_ASM5464229v1_genomic,2988258,2.988258,39843,1.999977913553649
Acidithiobacillus_ferrooxidans,Acidithiobacillus_ferrooxidans_GCF_049532655.1_AFEATCC23270_v5.2_genomic,2956115,2.956115,39414,1.9999560233617433
Burkholderia_cepacia,Burkholderia_cepacia_GCF_050613135.1_ASM5061313v1_genomic,8235260,8.23526,109803,1.9999914999647856
Burkholderia_cepacia,Burkholderia_cepacia_GCF_050632355.1_ASM5063235v1_genomic,8544351,8.544351,113924,1.9999880622881714
Xanthomonas_oryzae,Xanthomonas_oryzae_GCF_048296645.2_A81_genomic,4886748,4.886748,65156,1.9999803550336543
Xanthomonas_oryzae,Xanthomonas_oryzae_GCF_048296665.2_A56_genomic,4876193,4.876193,65015,1.9999721093894356
Delftia_acidovorans,Delftia_acidovorans_GCF_976989065.1_ASM97698906v1_genomic,6873944,6.873944,91652,1.999987198033618
Delftia_acidovorans,Delftia_acidovorans_GCF_976989105.1_ASM97698910v1_genomic,6874004,6.874004,91653,1.9999915624139875
Paramecium_tetraurelia,Paramecium_tetraurelia_GCF_000141845.1_ASM14184v1_genomic,984602,0.984602,13128,1.9999959374447747
Rhizobium_etli,Rhizobium_etli_GCF_014198755.1_ASM1419875v1_genomic,6340002,6.340002,84533,1.9999914826525291
Paramecium_tetraurelia,Paramecium_tetraurelia_GCA_980654785.1_ptetraurelia_mac_51_v2.0_genomic,80557192,80.557192,1074095,1.9999983365855156
Rhizobium_etli,Rhizobium_etli_GCF_014198605.1_ASM1419860v1_genomic,6340321,6.340321,84537,1.9999854896936606
Yersinia_pseudotuberculosis,Yersinia_pseudotuberculosis_GCF_045865185.1_ASM4586518v1_genomic,4800666,4.800666,64008,1.9999725038150957
Yersinia_pseudotuberculosis,Yersinia_pseudotuberculosis_GCF_052377715.1_ASM5237771v1_genomic,4746393,4.746393,63285,1.9999924152930446
Agrobacterium_fabrum,Agrobacterium_fabrum_GCF_013318095.2_ASM1331809v2_genomic,5541398,5.541398,73885,1.9999916988456703
Agrobacterium_fabrum,Agrobacterium_fabrum_GCF_053521405.1_ASM5352140v1_genomic,5520847,5.520847,73611,1.9999920302084082
Yersinia_pestis,Yersinia_pestis_GCF_053834875.1_ASM5383487v1_genomic,4798651,4.798651,63982,1.9999995832161996
Yersinia_pestis,Yersinia_pestis_GCF_053834855.1_ASM5383485v1_genomic,4827085,4.827085,64361,1.9999958567126952
Nitrosopelagicus_brevis,Nitrosopelagicus_brevis_GCA_977643205.1_MarMAG_090129_genomic,1077160,1.07716,14362,1.9999814326562442
Nitrosopelagicus_brevis,Nitrosopelagicus_brevis_GCA_977637485.1_MarMAG_090128_genomic,768837,0.768837,10251,1.99996878402054
Pandoraea_pnomenusa,Pandoraea_pnomenusa_GCF_017848955.1_ASM1784895v1_genomic,5075109,5.075109,67668,1.9999964532781462
Pandoraea_pnomenusa,Pandoraea_pnomenusa_GCF_040391475.1_ASM4039147v1_genomic,5576583,5.576583,74354,1.9999881647955389
Zymomonas_mobilis,Zymomonas_mobilis_GCF_047726505.1_ASM4772650v1_genomic,2039576,2.039576,27194,1.9999745045048578
Zymomonas_mobilis,Zymomonas_mobilis_GCF_000303025.2_Zymomonas_mobilis_ZM401_genomic,2200311,2.200311,29337,1.999967277353065
Pseudomonas_savastanoi,Pseudomonas_savastanoi_GCF_054721025.1_ASM5472102v1_genomic,6182139,6.182139,82428,1.999987383007726
Korarchaeum_cryptofilum,Korarchaeum_cryptofilum_GCF_003948265.1_ASM394826v1_genomic,1769550,1.76955,23594,2.0
Pseudomonas_savastanoi,Pseudomonas_savastanoi_GCF_041378945.2_Pseudomonas_savastanoi_pathovar_phaseolicola_HB10Y_genomic,6085631,6.085631,81141,1.9999815959922644
Euglena_gracilis,Euglena_gracilis_GCA_001638955.2_Euglena_mito_Newbler_genomic,41178302,41.178302,549044,1.9999999028614632
Tsukamurella_paurometabola,Tsukamurella_paurometabola_GCF_020735845.1_ASM2073584v1_genomic,4703056,4.703056,62707,1.9999868170823396
Tsukamurella_paurometabola,Tsukamurella_paurometabola_GCF_018335505.1_ASM1833550v1_genomic,5203618,5.203618,69381,1.9999834730374135
Naegleria_fowleri,Naegleria_fowleri_GCA_027563075.1_ASM2756307v1_genomic,27275754,27.275754,363676,1.9999960404394321
Naegleria_fowleri,Naegleria_fowleri_GCF_008403515.1_ASM840351v1_genomic,29549973,29.549973,393999,1.9999967512660672
Paramecium_bursaria,Paramecium_bursaria_GCA_043974915.1_ASM4397491v1_genomic,26817106,26.817106,357561,1.9999976880428485
Haloferax_volcanii,Haloferax_volcanii_GCF_050563475.1_ASM5056347v1_genomic,3773977,3.773977,50319,1.9999724428633243
Paramecium_bursaria,Paramecium_bursaria_GCA_043974975.1_Pb_DK2_H2_genomic,26819238,26.819238,357589,1.9999953018799415
Haloferax_volcanii,Haloferax_volcanii_GCF_045111245.1_ASM4511124v1_genomic,3662869,3.662869,48838,1.9999896256186067
Clostridium_saccharoperbutylacetonicum,Clostridium_saccharoperbutylacetonicum_GCF_054570755.1_ASM5457075v1_genomic,6407544,6.407544,85433,1.9999784628868722
Clostridium_saccharoperbutylacetonicum,Clostridium_saccharoperbutylacetonicum_GCF_013297165.1_ASM1329716v1_genomic,6668426,6.668426,88912,1.9999922020578769
Perkinsus_marinus,Perkinsus_marinus_GCF_000006405.1_JCVI_PMG_1.0_genomic,86605074,86.605074,1154734,1.9999994457599564
Thalassiosira_oceanica,Thalassiosira_oceanica_GCA_019693575.1_ASM1969357v1_genomic,83512925,83.512925,1113505,1.9999988025805586
Mycobacterium_bovis,Mycobacterium_bovis_GCF_046097865.1_ASM4609786v1_genomic,4310771,4.310771,57476,1.9999670592569172
Dictyostelium_discoideum,Dictyostelium_discoideum_GCF_000004695.1_dicty_2.7_genomic,34204973,34.204973,456066,1.9999986551663116
Mycobacterium_bovis,Mycobacterium_bovis_GCF_037623675.1_ASM3762367v1_genomic,4998182,4.998182,66642,1.9999871953442272
Dictyostelium_discoideum,Dictyostelium_discoideum_GCA_054859355.1_ASM5485935v1_genomic,35852600,35.8526,478034,1.999997210802006
Pseudoxanthomonas_suwonensis,Pseudoxanthomonas_suwonensis_GCF_000972865.1_ASM97286v1_genomic,3891720,3.89172,51889,1.9999768739786008
Phaeodactylum_tricornutum,Phaeodactylum_tricornutum_GCF_000150955.2_ASM15095v2_genomic,27450724,27.450724,366009,1.999996429966656
Pseudoxanthomonas_suwonensis,Pseudoxanthomonas_suwonensis_GCF_977013995.1_S37_genomic,3380324,3.380324,45070,1.9999562172146812
Phaeodactylum_tricornutum,Phaeodactylum_tricornutum_GCA_055434865.1_ASM5543486v1_genomic,30536849,30.536849,407157,1.9999951533964753
Corynebacterium_jeikeium,Corynebacterium_jeikeium_GCF_965135885.1_CIP103337T_genomic,2446617,2.446617,32621,1.9999656668779788
Corynebacterium_jeikeium,Corynebacterium_jeikeium_GCF_028609885.1_ASM2860988v1_genomic,2524840,2.52484,33664,1.9999683148239096
Pseudomonas_aeruginosa,Pseudomonas_aeruginosa_GCF_056236775.1_ASM5623677v1_genomic,6935324,6.935324,92470,1.999978659973204
Pseudomonas_aeruginosa,Pseudomonas_aeruginosa_GCF_056008605.1_ASM5600860v1_genomic,6763667,6.763667,90182,1.9999949731410491
Methanococcus_voltae,Methanococcus_voltae_GCF_024807035.1_ASM2480703v1_genomic,1780593,1.780593,23741,1.9999797820164407
Methanococcus_voltae,Methanococcus_voltae_GCF_024807655.1_ASM2480765v1_genomic,1857959,1.857959,24772,1.999936489448906
Streptomyces_collinus,Streptomyces_collinus_GCF_055657125.1_ASM5565712v1_genomic,8607406,8.607406,114765,1.9999927969007154
Streptomyces_fulvissimus,Streptomyces_fulvissimus_GCF_045040115.1_ASM4504011v1_genomic,8034003,8.034003,107120,1.9999992531742894
Neisseria_meningitidis,Neisseria_meningitidis_GCF_052162055.1_ASM5216205v1_genomic,2167623,2.167623,28901,1.9999557118557978
Streptomyces_fulvissimus,Streptomyces_fulvissimus_GCF_045208555.1_ASM4520855v1_genomic,8172558,8.172558,108967,1.9999919241931352
Neisseria_meningitidis,Neisseria_meningitidis_GCF_052162045.1_ASM5216204v1_genomic,2162319,2.162319,28830,1.9999361796293702
Desulfovibrio_vulgaris,Desulfovibrio_vulgaris_GCF_902167245.1_DSV_KAUST_v1_genomic,3728263,3.728263,49710,1.999993026243052
Desulfovibrio_vulgaris,Desulfovibrio_vulgaris_GCF_055112715.1_ASM5511271v1_genomic,3517217,3.517217,46896,1.9999903332663296
Tetrahymena_thermophila,Tetrahymena_thermophila_GCA_046463895.1_ASM4646389v1_genomic,103348000,103.348,1377973,1.9999995161977009
Methanoculleus_marisnigri,Methanoculleus_marisnigri_GCF_020855035.1_ASM2085503v1_genomic,2558312,2.558312,34110,1.99995153054045
Tetrahymena_thermophila,Tetrahymena_thermophila_GCF_000189635.1_JCVI-TTA1-2.2_genomic,103014375,103.014375,1373525,2.0
Methanoculleus_marisnigri,Methanoculleus_marisnigri_GCF_000015825.1_ASM1582v1_genomic,2478101,2.478101,33041,1.9999790161902198
Mycobacterium_gilvum,Mycobacterium_gilvum_GCF_052695285.1_ASM5269528v1_genomic,6127897,6.127897,81705,1.9999928197226553
Mycobacterium_gilvum,Mycobacterium_gilvum_GCF_052695305.1_ASM5269530v1_genomic,6014572,6.014572,80194,1.9999926844337386
Ralstonia_solanacearum,Ralstonia_solanacearum_GCF_050916425.1_AHR56_1.0_genomic,5475381,5.475381,73005,1.9999978083716914
Ralstonia_solanacearum,Ralstonia_solanacearum_GCF_049803945.1_NCSU_Rs45488_genomic,5501523,5.501523,73353,1.9999825502865298
Enterobacter_cloacae,Enterobacter_cloacae_GCF_047119245.1_Ecl_13047_lr_galaxy_genomic,5553166,5.553166,74042,1.9999942375214428
Enterobacter_cloacae,Enterobacter_cloacae_GCF_049600895.1_ASM4960089v1_genomic,5703619,5.703619,76048,1.9999933375633963
Clostridium_acetobutylicum,Clostridium_acetobutylicum_GCF_013410925.1_ASM1341092v1_genomic,4166409,4.166409,55552,1.9999956797328347
Clostridium_acetobutylicum,Clostridium_acetobutylicum_GCF_014230495.1_ASM1423049v1_genomic,4090764,4.090764,54543,1.9999809326570783
Ruminiclostridium_thermocellum,Ruminiclostridium_thermocellum_GCF_004803955.2_ASM480395v2_genomic,3971483,3.971483,52953,1.9999959712782354
Ruminiclostridium_thermocellum,Ruminiclostridium_thermocellum_GCF_003514585.1_ASM351458v1_genomic,3290694,3.290694,43875,1.9999580635574137
Acanthamoeba_polyphaga,Acanthamoeba_polyphaga_GCA_000826345.1_Acanthamoeba_polyphaga_genomic,120415301,120.415301,1605537,1.9999995681611924
Burkholderia_rhizoxinica,Burkholderia_rhizoxinica_GCF_037478045.1_ASM3747804v1_genomic,3533936,3.533936,47119,1.9999937746467396
Burkholderia_rhizoxinica,Burkholderia_rhizoxinica_GCF_037478065.1_ASM3747806v1_genomic,3802698,3.802698,50702,1.9999747547662212
Ketogulonicigenium_vulgare,Ketogulonicigenium_vulgare_GCF_028610225.1_ASM2861022v1_genomic,3293003,3.293003,43906,1.9999678105364618
Ketogulonicigenium_vulgare,Ketogulonicigenium_vulgare_GCF_001693655.1_ASM169365v1_genomic,3032522,3.032522,40433,1.9999690026980843
Acholeplasma_laidlawii,Acholeplasma_laidlawii_GCF_030166555.2_ASM3016655v2_genomic,1461114,1.461114,19481,1.9999466160751318
Acholeplasma_laidlawii,Acholeplasma_laidlawii_GCF_054956695.1_ASM5495669v1_genomic,1465932,1.465932,19545,1.9999222337734628
Staphylococcus_haemolyticus,Staphylococcus_haemolyticus_GCF_039679085.1_ASM3967908v1_genomic,2662319,2.662319,35497,1.9999669461097638
Staphylococcus_haemolyticus,Staphylococcus_haemolyticus_GCF_049262575.1_ASM4926257v1_genomic,2322835,2.322835,30971,1.9999913898318218
Streptomyces_albus,Streptomyces_albus_GCF_055664385.1_ASM5566438v1_genomic,7899264,7.899264,105323,1.9999901256623402
Streptomyces_albus,Streptomyces_albus_GCF_050367005.1_SALCHL_v1_genomic,7611379,7.611379,101485,1.9999989489421037
Salmonella_enterica,Salmonella_enterica_GCF_055393125.1_ASM5539312v1_genomic,4610633,4.610633,61475,1.999996529760664
Salmonella_enterica,Salmonella_enterica_GCF_055394145.1_ASM5539414v1_genomic,4841728,4.841728,64556,1.9999884338814573
Bordetella_bronchiseptica,Bordetella_bronchiseptica_GCF_051904055.1_ASM5190405v1_genomic,5204326,5.204326,69391,1.9999996157043198
Bordetella_bronchiseptica,Bordetella_bronchiseptica_GCF_056234845.1_ASM5623484v1_genomic,5202144,5.202144,69361,1.9999734724759637
Alicycliphilus_denitrificans,Alicycliphilus_denitrificans_GCF_047946895.1_ASM4794689v1_genomic,4800129,4.800129,64001,1.9999775006046712
Alicycliphilus_denitrificans,Alicycliphilus_denitrificans_GCF_044792555.1_ASM4479255v1_genomic,4490037,4.490037,59867,1.9999946548324659
Clostridium_botulinum,Clostridium_botulinum_GCF_054771325.1_ASM5477132v1_genomic,3953990,3.95399,52719,1.9999671218187198
Clostridium_botulinum,Clostridium_botulinum_GCF_036630055.1_ASM3663005v1_genomic,3887179,3.887179,51829,1.9999979419522487
Euglena_gracilis,Euglena_gracilis_GCA_039621445.1_ASM3962144v1_genomic,2374839547,2374.839547,31664527,1.9999999814724325
Burkholderia_ambifaria,Burkholderia_ambifaria_GCF_049913365.1_ASM4991336v1_genomic,7467149,7.467149,99561,1.9999801798517747
Burkholderia_ambifaria,Burkholderia_ambifaria_GCF_038782865.1_CAMS_ALBA_1.1_genomic,7573820,7.57382,100984,1.9999947186492417
Archaeoglobus_fulgidus,Archaeoglobus_fulgidus_GCF_000734035.1_ASM73403v1_genomic,2316287,2.316287,30883,1.9999464660467376
Archaeoglobus_fulgidus,Archaeoglobus_fulgidus_GCF_900069765.1_ASM90006976v1_genomic,2036821,2.036821,27157,1.9999548315733193
Serratia_marcescens,Serratia_marcescens_GCF_056341065.1_ASM5634106v1_genomic,5008080,5.00808,66774,1.9999880193607131
Serratia_marcescens,Serratia_marcescens_GCF_052836085.1_ASM5283608v1_genomic,4971147,4.971147,66281,1.9999710328421187
Sinorhizobium_meliloti,Sinorhizobium_meliloti_GCF_051042435.1_sm278_1.0_genomic,6802229,6.802229,90696,1.99999147338321
Sinorhizobium_meliloti,Sinorhizobium_meliloti_GCF_051043275.1_sm204_1.0_genomic,7044975,7.044975,93933,2.0
Pectobacterium_atrosepticum,Pectobacterium_atrosepticum_GCF_020406655.2_ASM2040665v2_genomic,4939672,4.939672,65862,1.9999910925259814
Pectobacterium_atrosepticum,Pectobacterium_atrosepticum_GCF_037136065.1_ASM3713606v1_genomic,4930294,4.930294,65737,1.9999922925488824
Halomonas_elongata,Halomonas_elongata_GCF_052384555.1_N1T_genomic,3938528,3.938528,52513,1.9999730863916672
Halomonas_elongata,Halomonas_elongata_GCF_046098145.1_ASM4609814v1_genomic,3928682,3.928682,52382,1.9999837095494113
Streptococcus_infantarius,Streptococcus_infantarius_GCF_053206005.1_ASM5320600v1_genomic,1911017,1.911017,25480,1.999982208426194
Streptococcus_infantarius,Streptococcus_infantarius_GCF_053747995.1_ASM5374799v1_genomic,1836181,1.836181,24482,1.9999662342655762
Bacillus_megaterium,Bacillus_megaterium_GCF_050208505.1_ASM5020850v1_genomic,6065531,6.065531,80873,1.999981535004932
Bacillus_megaterium,Bacillus_megaterium_GCF_053919275.1_ASM5391927v1_genomic,5625849,5.625849,75011,1.9999914679544368
Nocardia_brasiliensis,Nocardia_brasiliensis_GCF_050952925.1_MDNA_WGS_018_assembly_genomic,9746902,9.746902,129958,1.9999893299429912
Clavibacter_michiganensis,Clavibacter_michiganensis_GCF_051040655.1_ASM5104065v1_genomic,3426452,3.426452,45686,1.9999988326116929
Nocardia_brasiliensis,Nocardia_brasiliensis_GCF_053645355.1_ASM5364535v1_genomic,10082946,10.082946,134439,1.9999958345507354
Clavibacter_michiganensis,Clavibacter_michiganensis_GCF_051201705.1_ASM5120170v1_genomic,3257311,3.257311,43430,1.9999625457931405
Klebsiella_pneumoniae,Klebsiella_pneumoniae_GCF_056094515.1_ASM5609451v1_genomic,5122433,5.122433,68299,1.99999687648428
Klebsiella_pneumoniae,Klebsiella_pneumoniae_GCF_056095205.1_ASM5609520v1_genomic,5521468,5.521468,73619,1.9999844244320533
Bacillus_pseudofirmus,Bacillus_pseudofirmus_GCF_036541085.1_ASM3654108v1_genomic,3967166,3.967166,52895,1.9999793303330387
Bacillus_pseudofirmus,Bacillus_pseudofirmus_GCF_032843305.1_ASM3284330v1_genomic,4368590,4.36859,58247,1.9999702421147327
Sinorhizobium_fredii,Sinorhizobium_fredii_GCF_049817555.1_Sf1_genomic,6945374,6.945374,92604,1.9999786908523574
Sinorhizobium_fredii,Sinorhizobium_fredii_GCF_053629355.1_ASM5362935v1_genomic,6985690,6.98569,93142,1.999988548017447
Variovorax_paradoxus,Variovorax_paradoxus_GCF_048310315.1_ASM4831031v1_genomic,7023692,7.023692,93649,1.9999951592410374
Variovorax_paradoxus,Variovorax_paradoxus_GCF_050626895.1_8a8_bc2003_genomic,6299093,6.299093,83987,1.999978409590079
Trypanosoma_brucei,Trypanosoma_brucei_GCF_000002445.2_ASM244v1_genomic,26075494,26.075494,347673,1.9999985426929976
Burkholderia_glumae,Burkholderia_glumae_GCF_052978045.1_ASM5297804v1_genomic,6791583,6.791583,90554,1.9999902820888737
Trypanosoma_brucei,Trypanosoma_brucei_GCF_000210295.1_ASM21029v1_genomic,22148088,22.148088,295307,1.9999943110213396
Burkholderia_glumae,Burkholderia_glumae_GCF_052978065.1_ASM5297806v1_genomic,6801048,6.801048,90680,1.9999858845283844
Acanthamoeba_castellanii,Acanthamoeba_castellanii_GCA_937900865.1_SRR3997477_bin.32_CONCOCT_v1.1_MAG_genomic,6572805,6.572805,87637,1.999990871477246
Gordonia_polyisoprenivorans,Gordonia_polyisoprenivorans_GCF_037413625.1_ASM3741362v1_genomic,6048280,6.04828,80643,1.9999818130113023
Gordonia_polyisoprenivorans,Gordonia_polyisoprenivorans_GCF_053764635.1_ASM5376463v1_genomic,6037271,6.037271,80496,1.9999764794391373
Acanthamoeba_castellanii,Acanthamoeba_castellanii_GCF_000313135.1_Acastellanii.strNEFF_v1_genomic,42019824,42.019824,560264,1.9999988576820311
Kocuria_rhizophila,Kocuria_rhizophila_GCF_045207385.1_ASM4520738v1_genomic,2783905,2.783905,37118,1.9999604871574281
Kocuria_rhizophila,Kocuria_rhizophila_GCF_045207425.1_ASM4520742v1_genomic,2776916,2.776916,37025,1.999970470838873
Cupriavidus_metallidurans,Cupriavidus_metallidurans_GCF_050820565.1_ASM5082056v1_genomic,6823770,6.82377,90983,1.9999868108098602
Cupriavidus_metallidurans,Cupriavidus_metallidurans_GCF_053624355.1_ASM5362435v1_genomic,6713483,6.713483,89513,1.9999976167363498
Moorella_thermoacetica,Moorella_thermoacetica_GCF_037477965.1_MTCOM_genomic,2536557,2.536557,33820,1.999955057189726
Moorella_thermoacetica,Moorella_thermoacetica_GCF_037477925.1_MTMBA_genomic,2751603,2.751603,36688,1.999997819452879
Paenibacillus_polymyxa,Paenibacillus_polymyxa_GCF_052497575.1_ASM5249757v1_genomic,5735683,5.735683,76475,1.9999797757302835
Paenibacillus_polymyxa,Paenibacillus_polymyxa_GCF_055379085.1_ASM5537908v1_genomic,6113148,6.113148,81508,1.9999842961433292
Citrobacter_freundii,Citrobacter_freundii_GCF_052655375.1_ASM5265537v1_genomic,5152322,5.152322,68697,1.9999817557986477
Citrobacter_freundii,Citrobacter_freundii_GCF_052656865.1_ASM5265686v1_genomic,5152322,5.152322,68697,1.9999817557986477
Micavibrio_aeruginosavorus,Micavibrio_aeruginosavorus_GCF_000348745.1_ASM34874v1_genomic,2458610,2.45861,32781,1.9999715286279647
Micavibrio_aeruginosavorus,Micavibrio_aeruginosavorus_GCF_051245535.1_ASM5124553v1_genomic,2463254,2.463254,32843,1.999976453910153
Dickeya_zeae,Dickeya_zeae_GCF_051043325.1_ASM5104332v1_genomic,4604464,4.604464,61392,1.9999722008902665
Dickeya_zeae,Dickeya_zeae_GCF_038396405.1_ASM3839640v1_genomic,4825404,4.825404,64338,1.9999776184543305
Ensifer_adhaerens,Ensifer_adhaerens_GCF_049913305.1_ASM4991330v1_genomic,7439792,7.439792,99197,1.9999954299797629
Ensifer_adhaerens,Ensifer_adhaerens_GCF_023667555.2_MSC11_LR_genomic,7458229,7.458229,99443,1.9999989273592966
Chlamydomonas_reinhardtii,Chlamydomonas_reinhardtii_GCA_975085335.1_CSB430_cp-assembly_v1.1_genomic,205695,0.205695,2742,1.9995624589805294
Dehalococcoides_mccartyi,Dehalococcoides_mccartyi_GCF_055389945.1_ASM5538994v1_genomic,1464191,1.464191,19522,1.9999439963775218
Chlamydomonas_reinhardtii,Chlamydomonas_reinhardtii_GCF_000002595.2_Chlamydomonas_reinhardtii_v5.5_genomic,111098438,111.098438,1481312,1.9999993159219753
Dehalococcoides_mccartyi,Dehalococcoides_mccartyi_GCF_047495565.2_ASM4749556v1_genomic,1514813,1.514813,20197,1.9999498287907485
Serratia_proteamaculans,Serratia_proteamaculans_GCF_977069085.1_FOS124_assembly_genomic,5986976,5.986976,79826,1.9999913144799646
Serratia_proteamaculans,Serratia_proteamaculans_GCF_977069035.1_FOS120_assembly_genomic,5994767,5.994767,79930,1.9999943283867414
Corynebacterium_glutamicum,Corynebacterium_glutamicum_GCF_055695525.1_ASM5569552v1_genomic,3335257,3.335257,44470,1.999995802422422
Corynebacterium_glutamicum,Corynebacterium_glutamicum_GCF_054956965.1_ASM5495696v1_genomic,3343661,3.343661,44582,1.9999934203856193
Corynebacterium_ulcerans,Corynebacterium_ulcerans_GCF_978048395.1_FRC2433_genomic,2479398,2.479398,33058,1.9999612809238372
Corynebacterium_ulcerans,Corynebacterium_ulcerans_GCF_978048405.1_FRC2490_genomic,2480812,2.480812,33077,1.9999701710568958
Mesorhizobium_huakuii,Mesorhizobium_huakuii_GCF_034421895.1_ASM3442189v1_genomic,7212699,7.212699,96169,1.9999933450709644
Mesorhizobium_huakuii,Mesorhizobium_huakuii_GCF_030160235.1_ASM3016023v1_genomic,6842155,6.842155,91228,1.999983923193789
Pseudomonas_fluorescens,Pseudomonas_fluorescens_GCF_977010735.1_H32_03_genomic,6487943,6.487943,86505,1.999979038040254
Pseudomonas_fluorescens,Pseudomonas_fluorescens_GCF_977010475.1_H41_58_genomic,6864477,6.864477,91526,1.9999921334138056
Leuconostoc_gelidum,Leuconostoc_gelidum_GCF_036453025.1_ASM3645302v1_genomic,1878828,1.878828,25051,1.9999968065198093
Leuconostoc_gelidum,Leuconostoc_gelidum_GCF_036453045.1_ASM3645304v1_genomic,1870646,1.870646,24941,1.9999240903944413
Dehalobacter_restrictus,Dehalobacter_restrictus_GCF_040500375.1_ASM4050037v1_genomic,3421806,3.421806,45624,1.99999649307997
Dehalobacter_restrictus,Dehalobacter_restrictus_GCF_009796305.1_ASM979630v1_genomic,3049426,3.049426,40659,1.9999993441388642
Caulobacter_segnis,Caulobacter_segnis_GCF_031454995.1_ASM3145499v1_genomic,4685552,4.685552,62474,1.9999991463118967
Caulobacter_segnis,Caulobacter_segnis_GCF_976997475.1_Caulobacter_sp._R-92714_assembly_genomic,5809943,5.809943,77465,1.9999765918529666
Corynebacterium_pseudotuberculosis,Corynebacterium_pseudotuberculosis_GCF_041080705.1_ASM4108070v1_genomic,2378713,2.378713,31716,1.999989069719634
Corynebacterium_pseudotuberculosis,Corynebacterium_pseudotuberculosis_GCF_045588645.1_ASM4558864v1_genomic,2338815,2.338815,31184,1.999987172991451
Ramlibacter_tataouinensis,Ramlibacter_tataouinensis_GCF_001580455.1_ASM158045v1_genomic,4916630,4.91663,65555,1.9999979660865268
Ramlibacter_tataouinensis,Ramlibacter_tataouinensis_GCF_000215705.1_ASM21570v1_genomic,4070193,4.070193,54269,1.999991155210576
Listeria_ivanovii,Listeria_ivanovii_GCF_041222835.1_ASM4122283v1_genomic,2919242,2.919242,38923,1.9999883531409866
Listeria_ivanovii,Listeria_ivanovii_GCF_045288005.1_ATCC_19119_202309_genomic,2919549,2.919549,38927,1.9999835591045054
Leishmania_major,Leishmania_major_GCA_020783415.1_ASM2078341v1_genomic,32854833,32.854833,438064,1.9999979911631265
Clostridium_tetani,Clostridium_tetani_GCF_037101395.1_ASM3710139v1_genomic,2853896,2.853896,38051,1.999950243456664
Leishmania_major,Leishmania_major_GCA_051013985.1_ASM5101398v1_genomic,32853494,32.853494,438046,1.9999973214416706
Clostridium_tetani,Clostridium_tetani_GCF_054601235.1_ASM5460123v1_genomic,2824109,2.824109,37654,1.999958216910183
Nocardia_farcinica,Nocardia_farcinica_GCF_053588555.1_ASM5358855v1_genomic,6265772,6.265772,83543,1.999984997858205
Hydrogenobacter_thermophilus,Hydrogenobacter_thermophilus_GCF_037924685.1_ASM3792468v1_genomic,1693068,1.693068,22574,1.9999787368256916
Nocardia_farcinica,Nocardia_farcinica_GCF_038244785.1_ASM3824478v1_genomic,6313751,6.313751,84183,1.9999917640084317
Hydrogenobacter_thermophilus,Hydrogenobacter_thermophilus_GCF_018771625.1_ASM1877162v1_genomic,1794458,1.794458,23926,1.999991083658687
Bacteroides_thetaiotaomicron,Bacteroides_thetaiotaomicron_GCA_982344485.1_ERR3261725_bin_3512_genomic,5833384,5.833384,77778,1.9999883429583927
Bacteroides_thetaiotaomicron,Bacteroides_thetaiotaomicron_GCF_041014885.1_Genome_assembly_GPTB0036_genomic,6018559,6.018559,80247,1.9999887016144562
Nitrosotalea_devanaterra,Nitrosotalea_devanaterra_GCA_025450535.1_ASM2545053v1_genomic,970273,0.970273,12936,1.9998495268857321
Erwinia_pyrifoliae,Erwinia_pyrifoliae_GCF_025402895.1_ASM2540289v1_genomic,4161190,4.16119,55482,1.9999807747303056
Erwinia_pyrifoliae,Erwinia_pyrifoliae_GCF_025656905.1_ASM2565690v1_genomic,4183882,4.183882,55785,1.9999966538253229
Trypanosoma_cruzi,Trypanosoma_cruzi_GCA_056321935.1_ASM5632193v1_genomic,30872613,30.872613,411634,1.9999959187128087
Cryptosporidium_hominis,Cryptosporidium_hominis_GCA_045269125.1_SCAU_Ch_1.1_genomic,9131843,9.131843,121757,1.9999851070588928
Cryptosporidium_hominis,Cryptosporidium_hominis_GCA_018342955.1_ASM1834295v1_genomic,9069847,9.069847,120931,1.9999951487605028
Burkholderia_cenocepacia,Burkholderia_cenocepacia_GCF_039728355.1_ASM3972835v1_genomic,8270568,8.270568,110274,1.9999956472155238
Burkholderia_cenocepacia,Burkholderia_cenocepacia_GCF_056109985.1_ASM5610998v1_genomic,7629431,7.629431,101725,1.9999853200061708
Rhodobacter_capsulatus,Rhodobacter_capsulatus_GCF_052363645.1_ASM5236364v1_genomic,4110356,4.110356,54804,1.9999727517519164
Rhodobacter_capsulatus,Rhodobacter_capsulatus_GCF_052363185.1_ASM5236318v1_genomic,3710970,3.71097,49479,1.999975747580821
Escherichia_coli,Escherichia_coli_GCF_055381085.1_ASM5538108v1_genomic,5387133,5.387133,71828,1.9999877485853792
Trypanosoma_cruzi,Trypanosoma_cruzi_GCA_056248245.1_IBU_TCruzi_CLBwt_1_genomic,60793900,60.7939,810585,1.9999991775490633
Escherichia_coli,Escherichia_coli_GCF_055381515.1_ASM5538151v1_genomic,5332071,5.332071,71094,1.9999921231356446
Nitrosomonas_europaea,Nitrosomonas_europaea_GCF_054182965.1_ASM5418296v1_genomic,2810989,2.810989,37479,1.9999544644251543
Nitrosomonas_europaea,Nitrosomonas_europaea_GCF_049306155.1_ASM4930615v1_genomic,2572702,2.572702,34302,1.9999595755746293
Mycobacterium_smegmatis,Mycobacterium_smegmatis_GCF_039889265.1_ASM3988926v1_genomic,6914441,6.914441,92192,1.9999881407622107
Clostridium_stercorarium,Clostridium_stercorarium_GCF_001697285.1_ASM169728v1_genomic,3148357,3.148357,41978,1.99999555323618
Clostridium_stercorarium,Clostridium_stercorarium_GCF_026240815.1_ASM2624081v1_genomic,3029933,3.029933,40399,1.9999947193551804
Pyrococcus_horikoshii,Pyrococcus_horikoshii_GCF_000011105.1_ASM1110v1_genomic,1738505,1.738505,23180,1.9999942479314123
Brevibacillus_brevis,Brevibacillus_brevis_GCF_050466085.1_ASM5046608v1_genomic,6604668,6.604668,88062,1.99999454930967
Brevibacillus_brevis,Brevibacillus_brevis_GCF_050470645.1_ASM5047064v1_genomic,6914796,6.914796,92197,1.999993926068101
Bradyrhizobium_japonicum,Bradyrhizobium_japonicum_GCF_056230635.1_ASM5623063v1_genomic,11656115,11.656115,155414,1.9999888470558158
Bradyrhizobium_japonicum,Bradyrhizobium_japonicum_GCF_048833685.1_ASM4883368v1_genomic,10500313,10.500313,140004,1.9999975238833356
Chlamydia_psittaci,Chlamydia_psittaci_GCF_047936715.1_ASM4793671v1_genomic,1157481,1.157481,15433,1.999989632659197
Chlamydia_psittaci,Chlamydia_psittaci_GCF_048631595.1_ASM4863159v1_genomic,1175887,1.175887,15678,1.9999370687829698
Gallibacterium_anatis,Gallibacterium_anatis_GCF_046115485.1_ASM4611548v1_genomic,2639035,2.639035,35187,1.9999924214722427
Gallibacterium_anatis,Gallibacterium_anatis_GCF_045866335.1_ASM4586633v1_genomic,2663773,2.663773,35516,1.9999451905248682
Bacillus_clausii,Bacillus_clausii_GCF_046112195.1_ASM4611219v1_genomic,4500156,4.500156,60002,1.9999973334257746
Bacillus_clausii,Bacillus_clausii_GCF_040208385.1_Bacillus_clausii_TIL-28S_Complete_genome_genomic,3931276,3.931276,52417,1.9999994912593264
Enterobacter_asburiae,Enterobacter_asburiae_GCF_055386085.1_ASM5538608v1_genomic,5571304,5.571304,74284,1.9999985640704583
Enterobacter_asburiae,Enterobacter_asburiae_GCF_055797035.1_ASM5579703v1_genomic,4565988,4.565988,60879,1.9999724046580938
Pectobacterium_carotovorum,Pectobacterium_carotovorum_GCF_055379845.1_ASM5537984v1_genomic,4983334,4.983334,66444,1.9999863545168757
Pectobacterium_carotovorum,Pectobacterium_carotovorum_GCF_045277235.1_ASM4527723v1_genomic,4954534,4.954534,66060,1.9999862751976272
Campylobacter_concisus,Campylobacter_concisus_GCF_054997735.1_ASM5499773v1_genomic,1876262,1.876262,25016,1.9999339111488694
Campylobacter_concisus,Campylobacter_concisus_GCF_054998475.1_ASM5499847v1_genomic,1860973,1.860973,24812,1.9999215464168476
Bradyrhizobium_diazoefficiens,Bradyrhizobium_diazoefficiens_GCF_055398135.1_ASM5539813v1_genomic,9139292,9.139292,121857,1.9999962797993542
Bradyrhizobium_diazoefficiens,Bradyrhizobium_diazoefficiens_GCF_055397885.1_ASM5539788v1_genomic,9353413,9.353413,124712,1.9999972202660141
Sulfolobus_solfataricus,Sulfolobus_solfataricus_GCF_015654385.1_ASM1565438v1_genomic,3024820,3.02482,40330,1.9999537162541903
Sulfolobus_solfataricus,Sulfolobus_solfataricus_GCF_003852215.1_ASM385221v1_genomic,2668974,2.668974,35586,1.9999820155610357
Methanosarcina_barkeri,Methanosarcina_barkeri_GCF_001316305.1_ASM131630v1_genomic,4458961,4.458961,59452,1.999972639365987
Methanosarcina_barkeri,Methanosarcina_barkeri_GCF_001027005.1_ASM102700v1_genomic,4501171,4.501171,60015,1.9999795608742703
Geobacter_sulfurreducens,Geobacter_sulfurreducens_GCF_035326245.1_ASM3532624v1_genomic,3807331,3.807331,50764,1.999983715626511
Geobacter_sulfurreducens,Geobacter_sulfurreducens_GCF_030297095.1_ASM3029709v1_genomic,4019719,4.019719,53596,1.9999905466028844
Bacillus_thuringiensis,Bacillus_thuringiensis_GCF_979895345.1_SRL215_genomic,6079121,6.079121,81054,1.9999766413598281
Bacillus_thuringiensis,Bacillus_thuringiensis_GCF_979901285.1_SRL224_genomic,6079077,6.079077,81054,1.9999911170725424
Xanthomonas_albilineans,Xanthomonas_albilineans_GCF_054131675.1_ASM5413167v1_genomic,3786194,3.786194,50482,1.99997675766218
Perkinsus_olseni,Perkinsus_olseni_GCA_978019665.1_olseni_genomic,122803688,122.803688,1637382,1.9999993811260783
Xanthomonas_albilineans,Xanthomonas_albilineans_GCF_052063135.1_ASM5206313v1_genomic,3763218,3.763218,50176,1.9999904337192265
Bacillus_cytotoxicus,Bacillus_cytotoxicus_GCF_050876865.1_ASM5087686v1_genomic,4240608,4.240608,56541,1.999984436194055
Bacillus_cytotoxicus,Bacillus_cytotoxicus_GCF_050876905.1_ASM5087690v1_genomic,4026549,4.026549,53687,1.9999880791218485
Francisella_tularensis,Francisella_tularensis_GCF_051048185.1_FSC458_genomic,1892057,1.892057,25227,1.9999661743805817
Perkinsus_olseni,Perkinsus_olseni_GCA_978019485.1_atlanticus_genomic,51405102,51.405102,685401,1.9999989495206136
Francisella_tularensis,Francisella_tularensis_GCF_052692595.1_ASM5269259v1_genomic,1917690,1.91769,25569,1.9999843561785273
Deinococcus_radiodurans,Deinococcus_radiodurans_GCF_965136095.1_CIP104750T_genomic,3240345,3.240345,43204,1.9999722251797263
Deinococcus_radiodurans,Deinococcus_radiodurans_GCF_045277105.1_KDR13939K_1.0_genomic,3285071,3.285071,43800,1.999956774145825
Burkholderia_phenoliruptrix,Burkholderia_phenoliruptrix_GCF_047325075.1_Paph68_v1.0_genomic,6797873,6.797873,90638,1.9999932331774954
Burkholderia_phenoliruptrix,Burkholderia_phenoliruptrix_GCF_050990585.1_ASM5099058v1_genomic,6451923,6.451923,86025,1.9999851207151729
Acinetobacter_oleivorans,Acinetobacter_oleivorans_GCF_053235205.1_ASM5323520v1_genomic,4097948,4.097948,54639,1.999988774869764
Acinetobacter_oleivorans,Acinetobacter_oleivorans_GCF_051989105.1_ASM5198910v1_genomic,4129665,4.129665,55062,1.9999927354882296
Renibacterium_salmoninarum,Renibacterium_salmoninarum_GCF_003343285.1_ASM334328v1_genomic,3155332,3.155332,42071,1.9999955630659467
Renibacterium_salmoninarum,Renibacterium_salmoninarum_GCF_000018885.1_ASM1888v1_genomic,3155250,3.15525,42070,2.0
Haloarcula_marismortui,Haloarcula_marismortui_GCF_018200015.1_ASM1820001v1_genomic,4537128,4.537128,60495,1.9999986775775336
Haloarcula_marismortui,Haloarcula_marismortui_GCF_049705795.1_ASM4970579v1_genomic,3975064,3.975064,53000,1.9999677992605904
Listeria_monocytogenes,Listeria_monocytogenes_GCF_056242145.1_ASM5624214v1_genomic,2950327,2.950327,39337,1.9999647496701214
Listeria_monocytogenes,Listeria_monocytogenes_GCF_056241555.1_ASM5624155v1_genomic,2950327,2.950327,39337,1.9999647496701214
Campylobacter_lari,Campylobacter_lari_GCF_024620605.2_ASM2462060v2_genomic,1531794,1.531794,20423,1.9999099095570292
Campylobacter_lari,Campylobacter_lari_GCF_024620645.2_ASM2462064v2_genomic,1531788,1.531788,20423,1.999917743186394
Bacillus_methylotrophicus,Bacillus_methylotrophicus_GCF_056341095.1_ASM5634109v1_genomic,3910010,3.91001,52133,1.999982097232488
Bacillus_methylotrophicus,Bacillus_methylotrophicus_GCF_979901685.1_SRL244_genomic,3990806,3.990806,53210,1.9999719354937324
Mycobacterium_avium,Mycobacterium_avium_GCF_055396995.1_ASM5539699v1_genomic,5825239,5.825239,77669,1.9999780266526404
Mycobacterium_avium,Mycobacterium_avium_GCF_055396725.1_ASM5539672v1_genomic,5804813,5.804813,77397,1.9999869074163112
Brucella_canis,Brucella_canis_GCF_050496145.1_ASM5049614v1_genomic,3312769,3.312769,44170,1.9999885292333996
Brucella_canis,Brucella_canis_GCF_051133335.1_ASM5113333v1_genomic,3255273,3.255273,43403,1.9999705093858486
Bacillus_atrophaeus,Bacillus_atrophaeus_GCF_051174775.1_ASM5117477v1_genomic,4099881,4.099881,54665,1.99999707308578
Bacillus_atrophaeus,Bacillus_atrophaeus_GCF_051425545.1_ASM5142554v1_genomic,4302183,4.302183,57362,1.9999846589510488
Sphingomonas_wittichii,Sphingomonas_wittichii_GCF_000715175.2_ASM71517v2_genomic,6573352,6.573352,87644,1.999984178543915
Sphingomonas_wittichii,Sphingomonas_wittichii_GCF_054457195.1_ASM5445719v1_genomic,6108112,6.108112,81441,1.9999878849634716
Archaeoglobus_profundus,Archaeoglobus_profundus_GCA_015662635.1_ASM1566263v1_genomic,1150417,1.150417,15338,1.9998835204973502
Archaeoglobus_profundus,Archaeoglobus_profundus_GCA_015662965.1_ASM1566296v1_genomic,1245967,1.245967,16612,1.9998924530103928
Streptococcus_suis,Streptococcus_suis_GCF_054910955.1_ASM5491095v1_genomic,2057250,2.05725,27430,2.0
Streptococcus_suis,Streptococcus_suis_GCF_054910295.1_ASM5491029v1_genomic,2076340,2.07634,27684,1.9999614706647273
Methanococcus_maripaludis,Methanococcus_maripaludis_GCF_040362185.1_ASM4036218v1_genomic,1755831,1.755831,23411,1.9999931656292662
Methanococcus_maripaludis,Methanococcus_maripaludis_GCF_055145725.1_ASM5514572v1_genomic,1586538,1.586538,21153,1.9999205817950783
Legionella_pneumophila,Legionella_pneumophila_GCF_055382355.1_ASM5538235v1_genomic,3595531,3.595531,47940,1.9999827563717292
Legionella_pneumophila,Legionella_pneumophila_GCF_055381875.1_ASM5538187v1_genomic,3600899,3.600899,48011,1.9999588991526838
Rhodococcus_opacus,Rhodococcus_opacus_GCF_020542785.2_ASM2054278v2_genomic,9166292,9.166292,122217,1.999996290757484
Rhodococcus_opacus,Rhodococcus_opacus_GCF_048288345.1_ASM4828834v1_genomic,9109627,9.109627,121461,1.999988583506218
Serratia_plymuthica,Serratia_plymuthica_GCF_977004775.1_ASM97700477v1_genomic,5306217,5.306217,70749,1.9999841695128564
Serratia_plymuthica,Serratia_plymuthica_GCF_055397065.1_ASM5539706v1_genomic,5636345,5.636345,75151,1.9999929032023411
Blastocystis_hominis,Blastocystis_hominis_GCA_981451855.1_SRR30861126_concoct_78_genomic,11894290,11.89429,158590,1.9999932740836148
Methylobacterium_extorquens,Methylobacterium_extorquens_GCF_051522905.1_ASM5152290v1_genomic,5929154,5.929154,79055,1.9999902178287154
Blastocystis_hominis,Blastocystis_hominis_GCA_039096935.1_ASM3909693v1_genomic,15972174,15.972174,212962,1.9999969947735354
Methylobacterium_extorquens,Methylobacterium_extorquens_GCF_977887655.1_IWN032_genomic,5670096,5.670096,75601,1.999992592718007
Pseudomonas_entomophila,Pseudomonas_entomophila_GCF_031312015.1_ASM3131201v1_genomic,5888293,5.888293,78510,1.9999853947485289
Pseudomonas_entomophila,Pseudomonas_entomophila_GCF_029478665.1_ASM2947866v1_genomic,5838355,5.838355,77844,1.9999811590764864
Campylobacter_coli,Campylobacter_coli_GCA_005334465.2_Tricycler_genomic,1729285,1.729285,23057,1.9999884345264083
Campylobacter_coli,Campylobacter_coli_GCF_051048165.1_ASM5104816v1_genomic,1842357,1.842357,24564,1.9999381227416837
Xylella_fastidiosa,Xylella_fastidiosa_GCF_055959565.1_ASM5595956v1_genomic,2619904,2.619904,34932,1.9999969464529999
Xylella_fastidiosa,Xylella_fastidiosa_GCF_055959555.1_ASM5595955v1_genomic,2594979,2.594979,34599,1.9999583811660904
Clostridium_pasteurianum,Clostridium_pasteurianum_GCF_026410065.1_ASM2641006v1_genomic,4470321,4.470321,59604,1.9999906047015417
Clostridium_pasteurianum,Clostridium_pasteurianum_GCF_001968885.1_ASM196888v1_genomic,4265470,4.26547,56872,1.9999671782945374
Erwinia_amylovora,Erwinia_amylovora_GCF_052055505.1_ASM5205550v1_genomic,3832316,3.832316,51097,1.999978603017079
Erwinia_amylovora,Erwinia_amylovora_GCF_052055525.1_ASM5205552v1_genomic,3832287,3.832287,51097,1.999993737421023
Bacillus_amyloliquefaciens,Bacillus_amyloliquefaciens_GCF_054131895.1_ASM5413189v1_genomic,3929780,3.92978,52397,1.999997455328288
Bacillus_amyloliquefaciens,Bacillus_amyloliquefaciens_GCF_051225615.1_ASM5122561v1_genomic,3997765,3.997765,53303,1.9999799888187524
Comamonas_testosteroni,Comamonas_testosteroni_GCF_050282485.1_ASM5028248v1_genomic,5095908,5.095908,67945,1.9999870484318005
Comamonas_testosteroni,Comamonas_testosteroni_GCF_046293035.1_ASM4629303v1_genomic,5622246,5.622246,74963,1.9999925296758627
Listeria_seeligeri,Listeria_seeligeri_GCF_039556175.1_ASM3955617v1_genomic,2880240,2.88024,38403,1.9999895842013165
Listeria_seeligeri,Listeria_seeligeri_GCF_037056055.1_ASM3705605v1_genomic,2865104,2.865104,38201,1.9999797564067483
Chitinophaga_pinensis,Chitinophaga_pinensis_GCA_943372105.1_JJ-LUK12B-28-6-m1-bin317_genomic,3749292,3.749292,49990,1.9999775957700814
Chitinophaga_pinensis,Chitinophaga_pinensis_GCA_943369745.1_JJ-LUK12B-28-6-mx-bin637_genomic,4849686,4.849686,64662,1.9999851536779907
Corynebacterium_diphtheriae,Corynebacterium_diphtheriae_GCF_051549835.1_ASM5154983v1_genomic,2505890,2.50589,33411,1.99994812222404
Corynebacterium_diphtheriae,Corynebacterium_diphtheriae_GCF_056238145.1_ASM5623814v1_genomic,2329460,2.32946,31059,1.9999699501171946
Entamoeba_histolytica,Entamoeba_histolytica_GCA_020283535.1_ASM2028353v1_genomic,11890266,11.890266,158536,1.99998889848217
Cryptosporidium_parvum,Cryptosporidium_parvum_GCA_045167005.1_ASM4516700v1_genomic,9053467,9.053467,120712,1.9999851990403235
Cryptosporidium_parvum,Cryptosporidium_parvum_GCA_048859185.1_ASM4885918v1_genomic,9152179,9.152179,122029,1.9999991258912222
Streptomyces_scabiei,Streptomyces_scabiei_GCF_055573275.1_ASM5557327v1_genomic,9402467,9.402467,125366,1.99999638392775
Streptomyces_scabiei,Streptomyces_scabiei_GCF_055573255.1_ASM5557325v1_genomic,9335841,9.335841,124477,1.9999858609417192
Entamoeba_histolytica,Entamoeba_histolytica_GCA_917563895.1_Assembly_1_genomic,25196438,25.196438,335952,1.9999969837006326
Halorubrum_lacusprofundi,Halorubrum_lacusprofundi_GCF_977573075.1_MarMAG_098191_genomic,2560950,2.56095,34146,2.0
Halorubrum_lacusprofundi,Halorubrum_lacusprofundi_GCF_977561085.1_MarMAG_098190_genomic,2688413,2.688413,35845,1.999971730533962
Acinetobacter_baumannii,Acinetobacter_baumannii_GCF_040149195.2_ASM4014919v2_genomic,4147529,4.147529,55300,1.9999860157698717
Acinetobacter_baumannii,Acinetobacter_baumannii_GCF_055386835.1_ASM5538683v1_genomic,4048519,4.048519,53980,1.9999906138516332
Ochrobactrum_anthropi,Ochrobactrum_anthropi_GCF_050990685.1_ASM5099068v1_genomic,4682619,4.682619,62434,1.9999705293127628
Dictyostelium_purpureum,Dictyostelium_purpureum_GCF_000190715.1_v1.0_genomic,32967225,32.967225,439563,2.0
Ochrobactrum_anthropi,Ochrobactrum_anthropi_GCF_050982715.1_ASM5098271v1_genomic,4832607,4.832607,64434,1.9999764102481332
Micromonas_pusilla,Micromonas_pusilla_GCA_043250685.1_ASM4325068v1_genomic,13374277,13.374277,178323,1.9999922238787189
Pseudomonas_protegens,Pseudomonas_protegens_GCF_051174895.1_ASM5117489v1_genomic,7053038,7.053038,94040,1.9999892245015551
Pseudomonas_protegens,Pseudomonas_protegens_GCF_050989795.1_ASM5098979v1_genomic,6852636,6.852636,91368,1.9999894930943363
Stenotrophomonas_maltophilia,Stenotrophomonas_maltophilia_GCF_054898965.1_ASM5489896v1_genomic,5014609,5.014609,66861,1.999986439620716
Stenotrophomonas_maltophilia,Stenotrophomonas_maltophilia_GCF_055382875.1_ASM5538287v1_genomic,4752040,4.75204,63360,1.9999831651248727
Micromonas_pusilla,Micromonas_pusilla_GCA_964007935.1_ERR598983_metabat2_112_genomic,18370017,18.370017,244933,1.9999954273313956
Pseudomonas_poae,Pseudomonas_poae_GCF_051013795.1_ASM5101379v1_genomic,5876921,5.876921,78358,1.999975837687796
Pseudomonas_poae,Pseudomonas_poae_GCF_040438945.1_ASM4043894v1_genomic,6397626,6.397626,85301,1.9999840565859899
Rhodopseudomonas_palustris,Rhodopseudomonas_palustris_GCF_045984445.1_ASM4598444v1_genomic,5990140,5.99014,79868,1.999986644719489
Rhodopseudomonas_palustris,Rhodopseudomonas_palustris_GCF_055396875.1_ASM5539687v1_genomic,5322233,5.322233,70963,1.9999969937430397
Enterococcus_faecium,Enterococcus_faecium_GCF_055814315.1_ASM5581431v1_genomic,3047464,3.047464,40632,1.9999579978631412
Enterococcus_faecium,Enterococcus_faecium_GCF_053154045.1_ASM5315404v1_genomic,3162089,3.162089,42161,1.9999911450942716
Bacillus_pumilus,Bacillus_pumilus_GCF_977007725.1_ASM97700772v1_genomic,3775567,3.775567,50340,1.9999645086420133
Bacillus_pumilus,Bacillus_pumilus_GCF_052144035.1_ASM5214403v1_genomic,3793137,3.793137,50575,1.99999367278324
Bacillus_cereus,Bacillus_cereus_GCF_055690345.1_ASM5569034v1_genomic,5431845,5.431845,72424,1.999983431044148
Bacillus_cereus,Bacillus_cereus_GCF_055690335.1_ASM5569033v1_genomic,5431846,5.431846,72424,1.9999830628482471
Thermococcus_kodakarensis,Thermococcus_kodakarensis_GCF_028471865.1_ASM2847186v1_genomic,2078475,2.078475,27713,2.0
Thermococcus_kodakarensis,Thermococcus_kodakarensis_GCF_000009965.1_ASM996v1_genomic,2088737,2.088737,27849,1.999940633981205
Methanopyrus_kandleri,Methanopyrus_kandleri_GCF_013329715.1_ASM1332971v1_genomic,1426055,1.426055,19014,1.9999929876477416
Methanopyrus_kandleri,Methanopyrus_kandleri_GCF_053992195.1_ASM5399219v1_genomic,1699154,1.699154,22655,1.999965865365941
Bacillus_coagulans,Bacillus_coagulans_GCF_050479025.1_ASM5047902v1_genomic,2911761,2.911761,38823,1.9999752726958016
Bacillus_coagulans,Bacillus_coagulans_GCF_050479125.1_ASM5047912v1_genomic,2956549,2.956549,39420,1.9999668532468091
Proteus_mirabilis,Proteus_mirabilis_GCF_051617075.1_ASM5161707v1_genomic,4398469,4.398469,58646,1.9999913606302557
Proteus_mirabilis,Proteus_mirabilis_GCF_051557175.1_ASM5155717v1_genomic,4581607,4.581607,61088,1.9999969443036034
Dickeya_dadantii,Dickeya_dadantii_GCF_051783845.1_ASM5178384v1_genomic,4810797,4.810797,64143,1.9999700673298
Dickeya_dadantii,Dickeya_dadantii_GCF_041897765.1_ASM4189776v1_genomic,5032965,5.032965,67106,1.9999940392989024
Plasmodium_falciparum,Plasmodium_falciparum_GCA_056151765.1_ASM5615176v1_genomic,22748410,22.74841,303312,1.9999991208176748
Giardia_lamblia,Giardia_lamblia_GCA_038381615.1_ASM3838161v1_genomic,11494083,11.494083,153254,1.9999942579151377
Giardia_lamblia,Giardia_lamblia_GCA_049639855.1_ASM4963985v1_genomic,11143942,11.143942,148585,1.9999879755296646
Marinobacter_hydrocarbonoclasticus,Marinobacter_hydrocarbonoclasticus_GCF_977659405.1_MarMAG_072687_genomic,3806071,3.806071,50747,1.9999758280914885
Plasmodium_falciparum,Plasmodium_falciparum_GCF_000002765.6_GCA_000002765_genomic,23292622,23.292622,310568,1.9999981109898233
Marinobacter_hydrocarbonoclasticus,Marinobacter_hydrocarbonoclasticus_GCF_977586385.1_MarMAG_072686_genomic,3338523,3.338523,44513,1.9999712447690192
Geobacter_lovleyi,Geobacter_lovleyi_GCF_050171295.1_ASM5017129v1_genomic,3838454,3.838454,51179,1.9999848897498838
Geobacter_lovleyi,Geobacter_lovleyi_GCF_036805505.1_ASM3680550v1_genomic,3691382,3.691382,49218,1.999982662319966
Cupriavidus_necator,Cupriavidus_necator_GCF_056236025.1_ASM5623602v1_genomic,8371674,8.371674,111622,1.999994266379699
Cupriavidus_necator,Cupriavidus_necator_GCF_051903385.1_ASM5190338v1_genomic,7415960,7.41596,98879,1.9999905608983868
Micrococcus_luteus,Micrococcus_luteus_GCF_055384525.1_ASM5538452v1_genomic,2588362,2.588362,34511,1.9999714104904955
Micrococcus_luteus,Micrococcus_luteus_GCF_055384015.1_ASM5538401v1_genomic,2585737,2.585737,34476,1.99997138146687
Staphylococcus_warneri,Staphylococcus_warneri_GCF_056393345.1_ASM5639334v1_genomic,2497625,2.497625,33301,1.9999599619638657
Staphylococcus_warneri,Staphylococcus_warneri_GCF_040409885.1_ASM4040988v1_genomic,2780266,2.780266,37070,1.9999884903099199
Clostridium_ljungdahlii,Clostridium_ljungdahlii_GCF_045257575.1_ASM4525757v1_genomic,4626110,4.62611,61681,1.9999848684964256
Clostridium_ljungdahlii,Clostridium_ljungdahlii_GCF_045257545.1_ASM4525754v1_genomic,4627396,4.627396,61698,1.9999801184078476
Rhodococcus_equi,Rhodococcus_equi_GCF_055384575.1_ASM5538457v1_genomic,5204626,5.204626,69395,1.999999615726471
Rhodococcus_equi,Rhodococcus_equi_GCF_050989485.1_ASM5098948v1_genomic,5242856,5.242856,69904,1.9999786375975233
Neorhizobium_galegae,Neorhizobium_galegae_GCF_030812395.1_ASM3081239v1_genomic,6498845,6.498845,86651,1.9999938450601606
Neorhizobium_galegae,Neorhizobium_galegae_GCF_024384645.1_ASM2438464v1_genomic,6926147,6.926147,92348,1.9999864282406943
Burkholderia_pseudomallei,Burkholderia_pseudomallei_GCF_965199385.1_21-7286_1R_1_genomic,7210132,7.210132,96135,1.999998058287976
Burkholderia_pseudomallei,Burkholderia_pseudomallei_GCF_965199395.1_21-7286_3R_1_genomic,7225637,7.225637,96341,1.9999828388832708
Chromohalobacter_salexigens,Chromohalobacter_salexigens_GCF_048541555.1_BU_D23_genomic,3633307,3.633307,48444,1.9999961467610636
Chromohalobacter_salexigens,Chromohalobacter_salexigens_GCF_050856275.1_ASM5085627v1_genomic,3809067,3.809067,50787,1.9999779473556123
Halobacterium_salinarum,Halobacterium_salinarum_GCF_037094595.1_ASM3709459v1_genomic,2471266,2.471266,32950,1.999987051171343
Halobacterium_salinarum,Halobacterium_salinarum_GCF_037482175.1_Halobacterium_salinarum_KBTZ02_genomic,2283916,2.283916,30452,1.9999859889768274
Acidovorax_citrulli,Acidovorax_citrulli_GCF_052605665.1_ASM5260566v1_genomic,5435213,5.435213,72469,1.9999860171073331
Acidovorax_citrulli,Acidovorax_citrulli_GCF_054178175.1_ASM5417817v1_genomic,4714945,4.714945,62865,1.9999703071827986
Amycolatopsis_mediterranei,Amycolatopsis_mediterranei_GCF_040299605.1_ASM4029960v1_genomic,9595092,9.595092,127934,1.9999912455242743
Cyanobacterium_aponinum,Cyanobacterium_aponinum_GCF_045345185.1_ASM4534518v1_genomic,4306293,4.306293,57417,1.9999916401415323
Amycolatopsis_mediterranei,Amycolatopsis_mediterranei_GCF_042656605.1_ASM4265660v1_genomic,9994827,9.994827,133264,1.9999945972051343
Cyanobacterium_aponinum,Cyanobacterium_aponinum_GCF_038630775.1_ASM3863077v1_genomic,4417119,4.417119,58894,1.999968757916642
Bacillus_toyonensis,Bacillus_toyonensis_GCF_054072025.1_ASM5407202v1_genomic,6283741,6.283741,83783,1.9999949074922088
Bacillus_toyonensis,Bacillus_toyonensis_GCF_055562355.1_ASM5556235v1_genomic,6042833,6.042833,80571,1.9999973522352843
Campylobacter_jejuni,Campylobacter_jejuni_GCF_055386425.1_ASM5538642v1_genomic,1691630,1.69163,22555,1.9999940885418206
Campylobacter_jejuni,Campylobacter_jejuni_GCF_055390245.1_ASM5539024v1_genomic,1630877,1.630877,21745,1.9999975473318956
Rickettsia_prowazekii,Rickettsia_prowazekii_GCF_000385475.1_P_2008_04_01_09_56_31_runAssembly_genomic,1109257,1.109257,14790,1.999987378939236
Rickettsia_prowazekii,Rickettsia_prowazekii_GCF_000385495.1_P_2008_03_27_11_29_25_runAssembly_genomic,1113970,1.11397,14852,1.9998743233659793
Halobacteriovorax_marinus,Halobacteriovorax_marinus_GCF_048265685.1_ASM4826568v1_genomic,3325270,3.32527,44336,1.9999578981556385
Halobacteriovorax_marinus,Halobacteriovorax_marinus_GCF_002442875.1_ASM244287v1_genomic,3393238,3.393238,45243,1.9999923377022184
Nocardiopsis_dassonvillei,Nocardiopsis_dassonvillei_GCF_964273245.1_SUDANB114_genomic,6561485,6.561485,87486,1.9999893316833004
Nocardiopsis_dassonvillei,Nocardiopsis_dassonvillei_GCF_964273065.1_SUDANB121_genomic,6710719,6.710719,89476,1.9999943374174958
Pyrococcus_furiosus,Pyrococcus_furiosus_GCF_000007305.1_ASM730v1_genomic,1908256,1.908256,25443,1.999967509600389
Pyrococcus_furiosus,Pyrococcus_furiosus_GCF_000275605.1_ASM27560v1_genomic,1909827,1.909827,25464,1.999971725187674
Picrophilus_torridus,Picrophilus_torridus_GCF_000008265.1_ASM826v1_genomic,1545895,1.545895,20611,1.999909437574997
Serratia_liquefaciens,Serratia_liquefaciens_GCF_051951635.1_ASM5195163v1_genomic,5122823,5.122823,68304,1.9999910205759597
Serratia_liquefaciens,Serratia_liquefaciens_GCF_048537415.1_GTA-SR02_genomic,5540843,5.540843,73877,1.9999754549984543
Ostreococcus_lucimarinus,Ostreococcus_lucimarinus_GCA_977930675.1_ERR599146_metabat2_28_concoct_125_genomic,12242237,12.242237,163229,1.9999898711322122
Ostreococcus_lucimarinus,Ostreococcus_lucimarinus_GCA_977930515.1_ERR598949_metabat2_6_concoct_191_genomic,12112888,12.112888,161505,1.9999978535259304
Methylobacterium_radiotolerans,Methylobacterium_radiotolerans_GCF_054331535.1_ASM5433153v1_genomic,7032522,7.032522,93766,1.9999795237042983
Methylobacterium_radiotolerans,Methylobacterium_radiotolerans_GCF_053346255.1_ASM5334625v1_genomic,6476928,6.476928,86359,1.9999990736349085
Lactobacillus_brevis,Lactobacillus_brevis_GCF_965814455.1_LBVUB6DM1_assembly_genomic,2685505,2.685505,35806,1.999959039361312
Lactobacillus_brevis,Lactobacillus_brevis_GCF_965286105.1_LBVUBH025M21_assembly_genomic,2403461,2.403461,32046,1.9999908465333949
Ralstonia_pickettii,Ralstonia_pickettii_GCF_053622495.1_ASM5362249v1_genomic,5015424,5.015424,66872,1.9999904295230073
Ralstonia_pickettii,Ralstonia_pickettii_GCF_053622635.1_ASM5362263v1_genomic,5817243,5.817243,77563,1.9999938115014277
Francisella_philomiragia,Francisella_philomiragia_GCF_041226935.1_ASM4122693v1_genomic,1950300,1.9503,26004,2.0
Francisella_philomiragia,Francisella_philomiragia_GCF_041226965.1_ASM4122696v1_genomic,1982741,1.982741,26436,1.999958643110724
Nitrososphaera_gargensis,Nitrososphaera_gargensis_GCA_036678105.1_ASM3667810v1_genomic,1894098,1.894098,25254,1.9999493162444604
Klebsiella_variicola,Klebsiella_variicola_GCF_055824525.1_ASM5582452v1_genomic,5522531,5.522531,73633,1.9999797194438564
Klebsiella_variicola,Klebsiella_variicola_GCF_053165925.1_ASM5316592v1_genomic,5527445,5.527445,73699,1.9999927633834438
Nitrososphaera_viennensis,Nitrososphaera_viennensis_GCF_025244945.1_ASM2524494v1_genomic,2522325,2.522325,33631,2.0
Nitrososphaera_viennensis,Nitrososphaera_viennensis_GCF_024760425.1_ASM2476042v1_genomic,2521342,2.521342,33617,1.9999468536993394
Ostreococcus_tauri,Ostreococcus_tauri_GCA_905339615.1_AP0986_ms_genomic,13845333,13.845333,184604,1.9999952330507327
Rhizobium_leguminosarum,Rhizobium_leguminosarum_GCF_055391465.1_ASM5539146v1_genomic,8023637,8.023637,106981,1.999984545661774
Ostreococcus_tauri,Ostreococcus_tauri_GCA_905339685.1_AP0985_ms_genomic,13800296,13.800296,184003,1.9999897103656328
Rhizobium_leguminosarum,Rhizobium_leguminosarum_GCF_050779915.1_ASM5077991v1_genomic,7309812,7.309812,97464,1.999996716741826
Burkholderia_gladioli,Burkholderia_gladioli_GCF_055397955.1_ASM5539795v1_genomic,8450160,8.45016,112668,1.999985799085461
Propionibacterium_freudenreichii,Propionibacterium_freudenreichii_GCF_965286265.1_PFJ117_assembly_genomic,2621862,2.621862,34958,1.9999908462001432
Propionibacterium_freudenreichii,Propionibacterium_freudenreichii_GCF_050498605.1_ASM5049860v1_genomic,2655380,2.65538,35405,1.9999962340606618
Burkholderia_gladioli,Burkholderia_gladioli_GCF_055386035.1_ASM5538603v1_genomic,8890888,8.890888,118545,1.9999970756576846
Methylobacterium_populi,Methylobacterium_populi_GCF_051554265.1_ASM5155426v1_genomic,5409159,5.409159,72122,1.9999966723107974
Methylobacterium_populi,Methylobacterium_populi_GCF_977887345.1_IWN022_genomic,5169091,5.169091,68921,1.9999938093564227
Brucella_abortus,Brucella_abortus_GCF_050497595.1_ASM5049759v1_genomic,3295706,3.295706,43942,1.9999660163861703
Brucella_abortus,Brucella_abortus_GCF_050498085.1_ASM5049808v1_genomic,3295706,3.295706,43942,1.9999660163861703
Rahnella_aquatilis,Rahnella_aquatilis_GCF_042713935.1_ASM4271393v1_genomic,5538857,5.538857,73851,1.9999884452694843
Desulforudis_audaxviator,Desulforudis_audaxviator_GCA_020725505.1_ASM2072550v1_genomic,2077804,2.077804,27704,1.9999961497812113
Rahnella_aquatilis,Rahnella_aquatilis_GCF_021498265.1_ASM2149826v1_genomic,6148824,6.148824,81984,1.9999921936292209
Desulforudis_audaxviator,Desulforudis_audaxviator_GCF_000018425.1_ASM1842v1_genomic,2349476,2.349476,31326,1.999977867405328
Nitrosocosmicus_franklandus,Nitrosocosmicus_franklandus_GCA_937896355.1_SRR6227243_bin.116_CONCOCT_v1.1_MAG_genomic,2865595,2.865595,38207,1.999951144526704
Geobacillus_thermodenitrificans,Geobacillus_thermodenitrificans_GCF_050480025.1_ASM5048002v1_genomic,3576443,3.576443,47685,1.9999619733908802
Geobacillus_thermodenitrificans,Geobacillus_thermodenitrificans_GCF_050479945.1_ASM5047994v1_genomic,3533131,3.533131,47108,1.9999824518253073
Shewanella_putrefaciens,Shewanella_putrefaciens_GCF_050848575.1_ASM5084857v1_genomic,4803340,4.80334,64044,1.9999833449224915
Shewanella_putrefaciens,Shewanella_putrefaciens_GCF_053763405.1_ASM5376340v1_genomic,4353238,4.353238,58043,1.9999940274342913
Giardia_intestinalis,Giardia_intestinalis_GCA_049639855.1_ASM4963985v1_genomic,11143942,11.143942,148585,1.9999879755296646
Mycobacterium_intracellulare,Mycobacterium_intracellulare_GCF_040970235.1_ASM4097023v1_genomic,5768492,5.768492,76913,1.999994105911909
Giardia_intestinalis,Giardia_intestinalis_GCA_038381615.1_ASM3838161v1_genomic,11494083,11.494083,153254,1.9999942579151377
Mycobacterium_intracellulare,Mycobacterium_intracellulare_GCF_040970175.1_ASM4097017v1_genomic,5523812,5.523812,73650,1.9999775517342009
Xanthomonas_euvesicatoria,Xanthomonas_euvesicatoria_GCF_047715415.1_ASM4771541v1_genomic,5183241,5.183241,69109,1.999974533308407
Xanthomonas_euvesicatoria,Xanthomonas_euvesicatoria_GCF_042448555.1_ASM4244855v1_genomic,5354628,5.354628,71395,1.9999988794739803
Methanobrevibacter_ruminantium,Methanobrevibacter_ruminantium_GCF_051877175.1_ASM5187717v1_genomic,1903959,1.903959,25386,1.999990546014909
Methanobrevibacter_ruminantium,Methanobrevibacter_ruminantium_GCF_029012245.1_ASM2901224v1_genomic,1940404,1.940404,25872,1.9999958771472333
Citrobacter_koseri,Citrobacter_koseri_GCF_055383465.1_ASM5538346v1_genomic,4705687,4.705687,62742,1.9999842743471887
Citrobacter_koseri,Citrobacter_koseri_GCF_052605815.1_ASM5260581v1_genomic,4799402,4.799402,63992,1.9999991665628343
Pseudomonas_mendocina,Pseudomonas_mendocina_GCF_055700775.1_ASM5570077v1_genomic,5348258,5.348258,71310,1.9999970083716978
Pseudomonas_mendocina,Pseudomonas_mendocina_GCF_054977385.1_ASM5497738v1_genomic,4752595,4.752595,63367,1.9999705424089367
Mesorhizobium_loti,Mesorhizobium_loti_GCF_014189435.1_ASM1418943v1_genomic,8330599,8.330599,111074,1.9999882361400423
Mesorhizobium_loti,Mesorhizobium_loti_GCF_013170845.1_ASM1317084v1_genomic,7207166,7.207166,96095,1.9999886224349488
Paenibacillus_mucilaginosus,Paenibacillus_mucilaginosus_GCF_028751605.1_ASM2875160v1_genomic,8674586,8.674586,115661,1.999997463855912
Paenibacillus_mucilaginosus,Paenibacillus_mucilaginosus_GCF_050433645.1_ASM5043364v1_genomic,8985665,8.985665,119808,1.9999855325120623
Pseudomonas_brassicacearum,Pseudomonas_brassicacearum_GCF_049913085.1_ASM4991308v1_genomic,6713799,6.713799,89517,1.9999928505455704
Pseudomonas_brassicacearum,Pseudomonas_brassicacearum_GCF_050627145.1_18b10_bc2095_genomic,6739771,6.739771,89863,1.9999863496845813
Bacillus_licheniformis,Bacillus_licheniformis_GCF_977007745.1_ASM97700774v1_genomic,4438024,4.438024,59173,1.999977918100488
Bacillus_licheniformis,Bacillus_licheniformis_GCF_052142875.1_ASM5214287v1_genomic,4229831,4.229831,56397,1.9999735214007368
Methanosarcina_acetivorans,Methanosarcina_acetivorans_GCF_000007345.1_ASM734v1_genomic,5751492,5.751492,76686,1.9999853950940034
Methanosarcina_acetivorans,Methanosarcina_acetivorans_GCA_003249335.1_ASM324933v1_genomic,1178964,1.178964,15719,1.9999338402190399
Haloterrigena_turkmenica,Haloterrigena_turkmenica_GCF_000025325.1_ASM2532v1_genomic,5440782,5.440782,72543,1.9999790471296222
Nocardia_cyriacigeorgica,Nocardia_cyriacigeorgica_GCF_055189495.1_ASM5518949v1_genomic,6536507,6.536507,87153,1.9999902088378396
Nocardia_cyriacigeorgica,Nocardia_cyriacigeorgica_GCF_055189515.1_ASM5518951v1_genomic,6344013,6.344013,84586,1.9999801387544445
Myxococcus_stipitatus,Myxococcus_stipitatus_GCF_021412625.1_ASM2141262v1_genomic,10122657,10.122657,134968,1.9999887381346617
Myxococcus_stipitatus,Myxococcus_stipitatus_GCF_038561935.1_ASM3856193v1_genomic,10166364,10.166364,135551,1.9999923276404425
Pseudomonas_syringae,Pseudomonas_syringae_GCF_055385345.1_ASM5538534v1_genomic,6582597,6.582597,87767,1.9999781241355046
Pseudomonas_syringae,Pseudomonas_syringae_GCF_054132535.1_ASM5413253v1_genomic,6012225,6.012225,80163,2.0
Sulfolobus_islandicus,Sulfolobus_islandicus_GCF_028472005.1_ASM2847200v1_genomic,2656591,2.656591,35421,1.9999879544875367
Sulfolobus_islandicus,Sulfolobus_islandicus_GCF_017857535.1_ASM1785753v1_genomic,2186892,2.186892,29158,1.999961589324027
Sulfolobus_acidocaldarius,Sulfolobus_acidocaldarius_GCF_007996945.1_ASM799694v1_genomic,2221322,2.221322,29617,1.9999576828573256
Sulfolobus_acidocaldarius,Sulfolobus_acidocaldarius_GCF_028472365.1_ASM2847236v1_genomic,2225130,2.22513,29668,1.9999730352833318
Burkholderia_thailandensis,Burkholderia_thailandensis_GCF_055810255.1_ASM5581025v1_genomic,6544388,6.544388,87258,1.9999883869966144
Burkholderia_thailandensis,Burkholderia_thailandensis_GCF_052146275.1_ASM5214627v1_genomic,6930450,6.93045,92406,2.0
Flavobacterium_johnsoniae,Flavobacterium_johnsoniae_GCF_040538795.1_ASM4053879v1_genomic,5721381,5.721381,76285,1.9999979026042838
Flavobacterium_johnsoniae,Flavobacterium_johnsoniae_GCF_050990865.1_ASM5099086v1_genomic,5683317,5.683317,75777,1.9999852198988723
Pantoea_ananatis,Pantoea_ananatis_GCF_043540155.1_ASM4354015v1_genomic,4945155,4.945155,65935,1.9999878669121596
Pantoea_ananatis,Pantoea_ananatis_GCF_040224035.2_ASM4022403v2_genomic,4795366,4.795366,63938,1.9999933268910026
Legionella_longbeachae,Legionella_longbeachae_GCF_019930685.1_ASM1993068v1_genomic,4165456,4.165456,55539,1.9999851156752106
Legionella_longbeachae,Legionella_longbeachae_GCF_964277565.1_Llongbeacheae_LeCo_19_genomic,4154333,4.154333,55391,1.9999961485995466
Pseudomonas_moraviensis,Pseudomonas_moraviensis_GCF_976997405.1_ASM97699740v1_genomic,5936006,5.936006,79146,1.999981132094543
Pseudomonas_moraviensis,Pseudomonas_moraviensis_GCF_976997555.1_ASM97699755v1_genomic,6042709,6.042709,80569,1.9999887467690403
Achromobacter_xylosoxidans,Achromobacter_xylosoxidans_GCF_055387535.1_ASM5538753v1_genomic,6652480,6.65248,88699,1.9999834648131223
Achromobacter_xylosoxidans,Achromobacter_xylosoxidans_GCF_977010995.1_ASM97701099v1_genomic,6428212,6.428212,85709,1.9999884882452539
Haloquadratum_walsbyi,Haloquadratum_walsbyi_GCF_903989535.1_D2T31_genomic,2732916,2.732916,36438,1.9999516999424791
Haloquadratum_walsbyi,Haloquadratum_walsbyi_GCF_937121375.1_ERR2683643_bin.15_CONCOCT_v1.1_MAG_genomic,2924720,2.92472,38996,1.9999863234771191
Xanthomonas_campestris,Xanthomonas_campestris_GCF_051295315.1_ASM5129531v1_genomic,5189114,5.189114,69188,1.9999946040884822
Xanthomonas_campestris,Xanthomonas_campestris_GCF_052656955.1_ASM5265695v1_genomic,5120760,5.12076,68276,1.9999765659784876
Agrobacterium_tumefaciens,Agrobacterium_tumefaciens_GCF_013317955.2_ASM1331795v2_genomic,6225202,6.225202,83002,1.9999832937148063
Agrobacterium_tumefaciens,Agrobacterium_tumefaciens_GCF_053521945.1_ASM5352194v1_genomic,5314145,5.314145,70855,1.9999924729189738
Corallococcus_coralloides,Corallococcus_coralloides_GCF_044792175.1_ASM4479217v1_genomic,9655077,9.655077,128734,1.9999944070875872
Methanocaldococcus_jannaschii,Methanocaldococcus_jannaschii_GCF_000091665.1_ASM9166v1_genomic,1739927,1.739927,23199,1.9999977010529753
Corallococcus_coralloides,Corallococcus_coralloides_GCF_013116665.1_ASM1311666v1_genomic,10054126,10.054126,134055,1.9999998010766924
Azotobacter_vinelandii,Azotobacter_vinelandii_GCF_036687365.1_ASM3668736v1_genomic,5378652,5.378652,71715,1.999989960309758
Azotobacter_vinelandii,Azotobacter_vinelandii_GCF_055386615.1_ASM5538661v1_genomic,5379020,5.37902,71720,1.9999925637011946
Pseudomonas_putida,Pseudomonas_putida_GCA_982345375.1_pQBR30_genomic,310323,0.310323,4137,1.999690644908692
Pseudomonas_putida,Pseudomonas_putida_GCA_982345415.1_pQBR4_genomic,525650,0.52565,7008,1.9998097593455721
